"Status","Start Time","Stop Time","Duration in ms","Parent Suite","Suite","Sub Suite","Test Class","Test Method","Name","Description"
"passed","Mon Oct 19 13:45:15 CST 2020","Mon Oct 19 13:45:15 CST 2020","0","testcase","test_cacl","TestCacl","","","test_myadd[-1-8-7]",""
"passed","Mon Oct 19 13:45:15 CST 2020","Mon Oct 19 13:45:15 CST 2020","0","testcase","test_fixture","TestParacases2","","","test_myadd2[int]",""
"passed","Mon Oct 19 13:45:15 CST 2020","Mon Oct 19 13:45:15 CST 2020","0","testcase","test_fixture","TestParacases1","","","test_case13",""
"passed","Mon Oct 19 13:45:15 CST 2020","Mon Oct 19 13:45:15 CST 2020","0","testcase","test_cacl","TestCacl","","","test_myadd[-1.3-2.5-1.2]",""
"passed","Mon Oct 19 13:45:16 CST 2020","Mon Oct 19 13:45:16 CST 2020","0","testcase","test_paracases","TestParacases","","","test_myadd[minus]",""
"passed","Mon Oct 19 13:45:15 CST 2020","Mon Oct 19 13:45:15 CST 2020","0","testcase","test_fixture","TestParacases2","","","test_case23",""
"passed","Mon Oct 19 13:45:15 CST 2020","Mon Oct 19 13:45:15 CST 2020","1","testcase","test_order","TestOrder","","","test_case3",""
"passed","Mon Oct 19 13:45:15 CST 2020","Mon Oct 19 13:45:15 CST 2020","0","testcase","test_order","TestOrder","","","test_case4[para2]",""
"skipped","Mon Oct 19 13:45:15 CST 2020","Mon Oct 19 13:45:15 CST 2020","0","testcase","test_dependency","TestDependency","","","test_e",""
"passed","Mon Oct 19 13:45:16 CST 2020","Mon Oct 19 13:45:16 CST 2020","0","testcase","test_paracases","TestParacases","","","test_readyaml[2-1-1]",""
"passed","Mon Oct 19 13:45:24 CST 2020","Mon Oct 19 13:45:26 CST 2020","2004","testcase","test_thread","TestThread","","","testcase5",""
"passed","Mon Oct 19 13:45:15 CST 2020","Mon Oct 19 13:45:15 CST 2020","0","testcase","test_dependency","TestDependency","","","test_c",""
"passed","Mon Oct 19 13:45:28 CST 2020","Mon Oct 19 13:45:28 CST 2020","0","testcase","test_order","TestOrder","","","test_case1",""
"passed","Mon Oct 19 13:45:16 CST 2020","Mon Oct 19 13:45:18 CST 2020","2003","testcase","test_thread","TestThread","","","testcase1",""
"passed","Mon Oct 19 13:45:15 CST 2020","Mon Oct 19 13:45:15 CST 2020","0","testcase","test_fixture","TestParacases1","","","test_myadd1[minus]",""
"passed","Mon Oct 19 13:45:15 CST 2020","Mon Oct 19 13:45:15 CST 2020","0","testcase","test_cacl","TestCacl","","","test_mysub[-2--4-2]",""
"passed","Mon Oct 19 13:45:28 CST 2020","Mon Oct 19 13:45:28 CST 2020","0","testcase","test_order","TestOrder","","","test_case2",""
"passed","Mon Oct 19 13:45:15 CST 2020","Mon Oct 19 13:45:15 CST 2020","0","testcase","test_cacl","TestCacl","","","test_mymut2[int]",""
"passed","Mon Oct 19 13:45:26 CST 2020","Mon Oct 19 13:45:28 CST 2020","2001","testcase","test_thread","TestThread","","","testcase6",""
"passed","Mon Oct 19 13:45:15 CST 2020","Mon Oct 19 13:45:15 CST 2020","0","testcase","test_cacl","TestCacl","","","test_mysub[2-1-1]",""
"passed","Mon Oct 19 13:45:15 CST 2020","Mon Oct 19 13:45:15 CST 2020","0","testcase","test_cacl","TestCacl","","","test_mymut2[zero]",""
"passed","Mon Oct 19 13:45:15 CST 2020","Mon Oct 19 13:45:15 CST 2020","0","testcase","test_fixture","TestParacases1","","","test_case11",""
"passed","Mon Oct 19 13:45:15 CST 2020","Mon Oct 19 13:45:15 CST 2020","0","testcase","test_cacl","TestCacl","","","test_myadd[1-2-3]",""
"passed","Mon Oct 19 13:45:22 CST 2020","Mon Oct 19 13:45:24 CST 2020","2002","testcase","test_thread","TestThread","","","testcase4",""
"passed","Mon Oct 19 13:45:15 CST 2020","Mon Oct 19 13:45:15 CST 2020","1","testcase","test_cacl","TestCacl","","","test_mydiv[zero]",""
"passed","Mon Oct 19 13:45:15 CST 2020","Mon Oct 19 13:45:15 CST 2020","0","testcase","test_cacl","TestCacl","","","test_mydiv[int]",""
"passed","Mon Oct 19 13:45:20 CST 2020","Mon Oct 19 13:45:22 CST 2020","2001","testcase","test_thread","TestThread","","","testcase3",""
"passed","Mon Oct 19 13:45:16 CST 2020","Mon Oct 19 13:45:16 CST 2020","0","testcase","test_setup_teardown","TestClass2","","","test_case3",""
"passed","Mon Oct 19 13:45:16 CST 2020","Mon Oct 19 13:45:16 CST 2020","0","testcase","test_paracases","TestParacases","","","test_myadd[float]",""
"passed","Mon Oct 19 13:45:15 CST 2020","Mon Oct 19 13:45:15 CST 2020","0","testcase","test_fixture","TestParacases2","","","test_case22[1-2-data1]",""
"passed","Mon Oct 19 13:45:16 CST 2020","Mon Oct 19 13:45:16 CST 2020","0","testcase","test_setup_teardown","TestClass2","","","test_case4",""
"passed","Mon Oct 19 13:45:18 CST 2020","Mon Oct 19 13:45:20 CST 2020","2006","testcase","test_thread","TestThread","","","testcase2",""
"passed","Mon Oct 19 13:45:16 CST 2020","Mon Oct 19 13:45:16 CST 2020","0","testcase","test_setup_teardown","TestClass1","","","test_case1",""
"passed","Mon Oct 19 13:45:15 CST 2020","Mon Oct 19 13:45:15 CST 2020","0","testcase","test_fixture","TestParacases2","","","test_myadd2[float]",""
"passed","Mon Oct 19 13:45:15 CST 2020","Mon Oct 19 13:45:15 CST 2020","0","testcase","test_fixture","TestParacases1","","","test_myadd1[float]",""
"passed","Mon Oct 19 13:45:15 CST 2020","Mon Oct 19 13:45:15 CST 2020","0","testcase","test_fixture","TestParacases2","","","test_case22[3-4-data2]",""
"passed","Mon Oct 19 13:45:15 CST 2020","Mon Oct 19 13:45:15 CST 2020","0","testcase","test_fixture","TestParacases2","","","test_case22[1-2-data2]",""
"passed","Mon Oct 19 13:45:15 CST 2020","Mon Oct 19 13:45:15 CST 2020","0","testcase","test_dependency","TestDependency","","","test_a",""
"skipped","Mon Oct 19 13:45:15 CST 2020","Mon Oct 19 13:45:15 CST 2020","0","testcase","test_dependency","TestDependency","","","test_d",""
"failed","Mon Oct 19 13:45:15 CST 2020","Mon Oct 19 13:45:15 CST 2020","0","testcase","test_dependency","TestDependency","","","test_b",""
"passed","Mon Oct 19 13:45:16 CST 2020","Mon Oct 19 13:45:16 CST 2020","1","testcase","test_paracases","TestParacases","","","test_readyaml[4.3-5.3--1]",""
"passed","Mon Oct 19 13:45:15 CST 2020","Mon Oct 19 13:45:15 CST 2020","0","testcase","test_fixture","TestParacases1","","","test_case12",""
"passed","Mon Oct 19 13:45:15 CST 2020","Mon Oct 19 13:45:15 CST 2020","0","testcase","test_cacl","TestCacl","","","test_mysub[1-2--1]",""
"passed","Mon Oct 19 13:45:15 CST 2020","Mon Oct 19 13:45:15 CST 2020","0","testcase","test_cacl","TestCacl","","","test_mydiv[minus]",""
"passed","Mon Oct 19 13:45:15 CST 2020","Mon Oct 19 13:45:15 CST 2020","0","testcase","test_cacl","TestCacl","","","test_mydiv[float]",""
"failed","Mon Oct 19 13:45:16 CST 2020","Mon Oct 19 13:45:16 CST 2020","1","testcase","test_paracases","TestParacases","","","test_myadd[int]",""
"passed","Mon Oct 19 13:45:16 CST 2020","Mon Oct 19 13:45:16 CST 2020","0","testcase","test_paracases","TestParacases","","","test_readyaml[-2--4-2]",""
"failed","Mon Oct 19 13:45:15 CST 2020","Mon Oct 19 13:45:15 CST 2020","40","testcase","test_assume","TestAssert","","","testcase",""
"passed","Mon Oct 19 13:45:15 CST 2020","Mon Oct 19 13:45:15 CST 2020","0","testcase","test_cacl","TestCacl","","","test_mymut2[minus]",""
"passed","Mon Oct 19 13:45:15 CST 2020","Mon Oct 19 13:45:15 CST 2020","0","testcase","test_order","TestOrder","","","test_case4[para1]",""
"passed","Mon Oct 19 13:45:16 CST 2020","Mon Oct 19 13:45:16 CST 2020","0","testcase","test_paracases","TestParacases","","","test_readyaml[1-2--1]",""
"passed","Mon Oct 19 13:45:15 CST 2020","Mon Oct 19 13:45:15 CST 2020","0","testcase","test_fixture","TestParacases2","","","test_case21",""
"passed","Mon Oct 19 13:45:16 CST 2020","Mon Oct 19 13:45:16 CST 2020","1","testcase","test_setup_teardown","TestClass1","","","test_case2",""
"passed","Mon Oct 19 13:45:15 CST 2020","Mon Oct 19 13:45:15 CST 2020","0","testcase","test_fixture","TestParacases1","","","test_myadd1[int]",""
"passed","Mon Oct 19 13:45:15 CST 2020","Mon Oct 19 13:45:15 CST 2020","0","testcase","test_order","TestOrder","","","test_aaa",""
"passed","Mon Oct 19 13:45:15 CST 2020","Mon Oct 19 13:45:15 CST 2020","0","testcase","test_cacl","TestCacl","","","test_mysub[4.3-5.3--1]",""
"passed","Mon Oct 19 13:45:15 CST 2020","Mon Oct 19 13:45:15 CST 2020","0","testcase","test_fixture","TestParacases2","","","test_case22[3-4-data1]",""
"passed","Mon Oct 19 13:45:15 CST 2020","Mon Oct 19 13:45:15 CST 2020","0","testcase","test_cacl","TestCacl","","","test_myadd[2-3-5]",""
"passed","Mon Oct 19 13:45:15 CST 2020","Mon Oct 19 13:45:15 CST 2020","0","testcase","test_cacl","TestCacl","","","test_mymut2[float]",""
"passed","Mon Oct 19 13:45:15 CST 2020","Mon Oct 19 13:45:15 CST 2020","0","testcase","test_fixture","TestParacases2","","","test_myadd2[minus]",""
"passed","Mon Oct 19 13:45:15 CST 2020","Mon Oct 19 13:45:15 CST 2020","0","testcase","test_cacl","TestCacl","","","test_myadd[-1--2--3]",""
"passed","Mon Oct 19 13:45:15 CST 2020","Mon Oct 19 13:45:15 CST 2020","0","testcase","test_datadrive","TestDatadrive","","","test_env[env0]",""
